time,left effort,right effort,x accel,y accel,z gyro,left line,right line
50.126,0,0,0.5500097,-1.871115,-15.85635,114,98
50.445,0,0,1.526011,0.08088493,-15.85635,114,98
50.736,0,0,0.5500097,0.08088493,-15.85635,114,98
51.024,0,0,0.06200981,0.5688848,54.14365,114,98
51.307,0,0,1.03801,-0.8951149,54.14365,114,98
51.6,0,0,1.03801,0.08088493,-15.85635,114,98
51.877,0,0,1.526011,-2.359115,-15.85635,114,98
52.173,0,0,0.06200981,-1.383115,-15.85635,114,98
52.466,0,0,0.06200981,-2.359115,-15.85635,114,98
52.746,0,0,-0.4259901,0.08088493,54.14365,114,98
53.056,0,0,0.06200981,-0.8951149,-15.85635,114,98
53.337,0,0,2.01401,-1.871115,-15.85635,114,98
53.64,0,0,-2.37799,-0.8951149,54.14365,114,98
53.923,0,0,-0.91399,-0.8951149,54.14365,114,98
54.22,0,0,-0.4259901,0.5688848,-15.85635,114,98
54.53,0,0,1.03801,1.544885,-85.85635,114,98
54.837,0,0,-0.91399,-0.407115,-15.85635,114,98
55.148,0,0,-0.91399,-0.8951149,-85.85635,114,98
55.421,0,0,-1.40199,1.544885,54.14365,114,98
55.729,0,0,0.5500097,-0.407115,-15.85635,114,98
56.023,0,0,-0.4259901,0.5688848,-15.85635,114,98
56.322,0,0,2.50201,-0.8951149,54.14365,114,98
56.594,0,0,0.5500097,-1.871115,-15.85635,114,98
56.906,0,0,-0.91399,-1.383115,-15.85635,114,98
57.202,0,0,0.06200981,0.5688848,-15.85635,114,98
57.5,0,0,2.01401,0.08088493,-15.85635,114,98
57.811,0,0,-1.40199,-0.407115,-15.85635,114,98
58.12,0,0,1.03801,-2.359115,-15.85635,114,98
58.408,0,0,-1.40199,-0.407115,-15.85635,114,98
58.693,0,0,0.5500097,-1.871115,-15.85635,114,98
59.002,0,0,-0.4259901,0.5688848,54.14365,114,98
59.305,0,0,-1.88999,-1.871115,-15.85635,114,98
59.582,0,0,0.5500097,-3.335115,-15.85635,114,98
59.872,0,0,-0.4259901,0.5688848,-15.85635,114,98
60.17,0,0,0.5500097,1.056885,54.14365,114,98
60.469,0,0,0.06200981,0.08088493,54.14365,114,98
60.789,0,0,-0.4259901,-0.8951149,-15.85635,114,98
61.082,0,0,1.526011,0.5688848,-15.85635,114,98
61.355,0,0,1.03801,-0.8951149,-15.85635,114,98
61.647,0,0,1.03801,-0.407115,-15.85635,114,98
61.95,0,0,-0.4259901,2.520885,-15.85635,114,98
62.233,0,0,-0.4259901,-1.383115,-15.85635,114,98
62.517,0,0,0.5500097,-1.383115,-15.85635,114,98
62.81,0,0,-0.91399,0.5688848,-15.85635,114,98
63.105,0,0,-0.91399,-0.8951149,-15.85635,114,98
63.401,0,0,3.47801,1.544885,-15.85635,114,98
63.694,0,0,-1.40199,0.08088493,-15.85635,114,98
63.983,0,0,0.06200981,2.520885,-15.85635,114,98
64.292,0,0,-2.37799,2.032885,54.14365,114,98
64.586,0,0,-2.37799,0.5688848,-15.85635,114,98
64.888,0,0,0.5500097,2.520885,54.14365,114,98
65.2,0,0,-0.4259901,-1.383115,54.14365,114,98
65.483,0,0,-0.91399,-0.8951149,-15.85635,114,98
65.779,0,0,-1.40199,1.056885,54.14365,114,98
66.095,0,0,0.5500097,0.5688848,-15.85635,114,98
66.386,0,0,-2.37799,-0.8951149,-15.85635,114,98
66.67,0,0,1.03801,-0.8951149,-15.85635,114,98
66.971,0,0,1.03801,-1.871115,-15.85635,114,98
67.278,0,0,0.06200981,0.08088493,-15.85635,114,98
67.557,0,0,1.03801,1.544885,54.14365,114,98
67.849,0,0,-0.91399,2.032885,-15.85635,114,98
68.165,0,0,-0.91399,0.08088493,-15.85635,114,98
68.463,0.2341402,0.1677775,-0.91399,-1.871115,-85.85635,114,98
68.761,0.2341402,0.1677775,4.45401,42.04889,334.1436,114,98
69.065,0.3200462,0.2551291,-1.88999,-38.95912,1944.144,114,98
69.35,0.3571734,0.2820302,10.31001,27.89688,1314.144,114,98
69.656,0.3760378,0.3387641,-4.81799,-22.85511,-4075.856,120,100
69.942,0.3305152,0.3686247,14.70201,63.03288,8664.144,118,98
70.21,0.2637259,0.3101645,-6.28199,-32.12712,15664.14,136,102
70.469,0.06116748,0.6273331,-14.57799,41.56089,21334.14,158,108
70.748,0,0,-10.18599,-1.383115,-155.8564,186,112
71.079,0,0,0.06200981,-0.8951149,-85.85635,186,112
71.411,0,0,0.06200981,1.544885,54.14365,186,112
71.655,1.121841,0.003041267,29.34201,126.9609,-31935.86,186,112
72.005,0,0,69.35802,13.25688,-76525.86,154,136
72.334,0,0,8.84601,-1.383115,54.14365,158,138
72.666,0,0,-45.80999,-145.8311,44854.14,158,138
72.992,0,0,-7.74599,-1.871115,-295.8564,158,138
73.367,0.4106335,0.2972504,-29.70599,-48.71912,2154.144,84,70
73.67,0,0,-5.30599,8.864885,-435.8564,78,60
73.954,0.07554908,0.3632462,1.526011,-1.871115,-15.85635,78,58
74.212,0.08755381,0.3655868,17.14201,18.62489,14684.14,78,66
74.482,0.2911377,0.1216527,-9.69799,-79.95112,-2045.856,94,84
74.742,0.4204812,0.06109005,19.58201,12.28088,-4425.856,92,84
75.044,0.2378486,0.3234702,20.07001,-27.73512,-225.8564,100,82
75.342,0.2725706,0.3004616,12.75001,-9.679115,3834.144,80,78
75.595,0.3300918,0.2467921,-14.08999,4.472885,-1695.856,80,76
75.868,0.3367776,0.2556779,22.02201,22.52888,-3235.856,78,76
76.199,0.3850179,0.3165813,8.358009,11.30488,-4145.856,78,76
76.54,0.2743086,0.4701699,-38.48999,-72.63112,15034.14,78,76
76.801,0.375868,0.4350532,-31.16999,-21.87912,33304.14,78,76
77.059,0.5462855,0.3120991,21.04601,-1.383115,-645.8563,78,76
77.3,1.025956,0.3553712,-2.86599,69.86488,-43135.86,78,76
77.587,0.4920722,0.4156332,60.08601,18.13689,-51675.86,108,106
77.899,0.6404521,1.190244,-49.71399,-79.95112,41074.14,108,106
78.158,0,0,33.24601,-115.0871,47794.14,108,106
78.419,0,0,-12.13799,3.008885,-225.8564,108,106
78.736,0.337668,0.1039222,1.526011,10.32889,54.14365,108,106
78.99,0.3879959,0.1927142,2.01401,28.87288,1314.144,108,106
79.245,0.1763192,0.4728158,-9.69799,79.62489,11604.14,108,106
79.564,0.2599767,0.4499897,27.87801,-5.775115,12094.14,108,106
79.819,0.3887383,0.2856803,-13.11399,-60.43112,2294.144,108,106
80.082,0.4976162,0.2378844,-5.30599,2.032885,-8345.856,108,106
80.342,0.5072791,0.2342189,47.39801,-0.407115,-23255.86,108,106
80.629,0.4003045,0.3186164,-11.16199,-37.49512,-8205.856,108,72
80.9,0.4003045,0.3186164,-36.04999,-53.59912,-575.8563,104,78
81.178,0.4257425,0.3003304,44.47001,-23.34312,-16185.86,108,84
81.458,0.4344453,0.2946712,-1.88999,9.352885,-13735.86,84,82
81.736,0.2892366,0.4432469,-36.04999,36.68089,4604.144,74,60
82.044,0.3034298,0.5719851,9.334011,-22.36712,2854.144,66,54
82.361,0.4359201,0.4042112,46.91001,-46.76712,-13805.86,62,58
82.656,0.4426856,0.3983241,-34.09799,12.76889,-15345.86,58,44
82.952,0.4437156,0.8208064,11.28601,39.60888,-17025.86,132,114
83.217,0.6706927,1.350495,-13.11399,78.16089,-35995.86,130,106
83.475,0.4620543,1.399167,18.60601,-140.9511,-39705.86,130,106
83.786,0,0,4.45401,38.63288,-225.8564,130,106
84.045,0.482234,1.519626,0.5500097,14.72089,124.1436,88,0
84.303,0.482234,1.519626,-6.28199,20.08889,-13595.86,24,0
84.562,0.5187019,1.497976,1.526011,8.864885,-24515.86,74,54
84.823,0,0,-1.88999,46.92889,-505.8564,76,56
85.143,0,0,-2.86599,17.64888,-155.8564,76,56
85.399,0.5375051,1.490731,-2.37799,18.13689,-85.85635,76,56
85.653,0.5375051,1.490731,-14.08999,46.92889,-19125.86,76,56
85.895,0.5414248,1.489478,30.31801,-39.93512,-26335.86,76,56
86.227,0,0,-0.4259901,80.11288,-715.8563,76,56
86.559,0.6015034,1.478836,-7.74599,11.79289,-155.8564,76,56
86.823,0.0999118,1.19537,-8.721991,-14.55912,124.1436,76,56
87.14,0.09472099,1.043859,-29.70599,-36.51912,-435.8564,76,56
87.469,0.009459644,0.9055357,-61.42599,-27.24712,-785.8563,76,56
87.726,0.0170857,0.9019345,10.31001,-139.9751,8734.144,76,56
88.043,0,0,57.15801,53.27288,-15.85635,76,56
88.297,0,0,-573.338,766.2409,94484.14,76,56
88.553,0,0,-104.858,-188.7751,83214.14,76,56
88.871,0,0,-154.634,-166.3271,96304.14,76,56
89.13,-0.2586071,0.7542786,-68.258,10.32889,100714.1,76,56
89.389,-0.2586071,0.7542786,14.70201,-39.93512,105404.1,76,56
89.71,0,0,-6.28199,-46.76712,-155.8564,76,56
89.969,0.5892349,0.2771389,16.16601,-2.359115,124.1436,76,56
90.226,0.5892349,0.2771389,33.73401,5.448885,-19335.86,76,56
90.548,0.4977218,0.2614841,-3.84199,6.424885,-12405.86,76,56
90.893,0.2911377,0.1216527,24.46201,-49.69512,-11565.86,76,56
91.168,0.2956729,0.1323353,0.5500097,-8.703115,-3025.856,232,78
91.465,0.3610644,0.2234467,4.942011,-16.02312,544.1437,238,76
91.764,0.4041802,0.2882404,10.79801,-14.55912,4114.144,228,78
92.043,0.4976162,0.2378844,-22.87399,10.32889,-6245.856,144,86
92.354,0.4339243,0.05575392,3.96601,-57.99112,-7505.856,72,0
92.634,0,0,3.47801,5.936885,-85.85635,188,120
92.959,0,0,-63.37799,53.76088,10064.14,234,102
93.246,0.4003045,0.3186164,-22.87399,37.65688,7194.144,224,130
93.532,0,0,15.19001,3.984885,-85.85635,132,74
93.82,0,0,8.84601,-3.335115,-15.85635,64,10
94.118,0,0,9.334011,-2.847115,54.14365,238,72
94.407,0,0,9.82201,-4.311115,54.14365,140,72
94.7,0,0,8.84601,-2.847115,-15.85635,156,60
94.985,0,0,14.70201,-0.8951149,-225.8564,220,76
95.288,0,0,11.77401,-6.751115,-15.85635,142,118
95.585,0,0,9.334011,-4.799115,-15.85635,192,52
95.885,0.3300918,0.2467921,14.21401,-1.871115,-15.85635,238,74
96.181,0.5758897,0.2694972,-6.76999,53.27288,-2745.856,194,72
96.458,0.4257425,0.3003304,46.91001,-10.16712,-25495.86,116,96
96.723,0,0,4.45401,-287.3511,-1555.856,116,96
97.006,0,0,7.87001,-0.8951149,-15.85635,160,106
97.286,-0.2409519,0.6962594,42.51801,6.424885,28824.14,174,98
97.544,0,0,-7.74599,-14.07112,-365.8564,170,142
97.801,0,0,9.82201,-1.383115,-15.85635,214,190
98.104,0,0,7.38201,-3.823115,-85.85635,222,188
98.402,0.2654145,0.594116,-58.49799,4.960885,42754.14,226,190
98.696,0,0,27.87801,-63.35912,11884.14,190,136
98.955,0,0,17.14201,7.400886,-225.8564,190,136
99.211,0.2861508,0.2110076,7.38201,-3.823115,194.1436,190,136
99.528,0.2977456,0.2013886,2.50201,13.25688,1104.144,190,136
99.787,0.4306089,0.1200888,21.04601,35.21688,2574.144,190,136
100.042,0.4306089,0.1200888,9.82201,10.32889,-3585.856,190,136
100.358,0.2215736,0.3445466,10.31001,2.032885,54.14365,190,136
100.617,0.14217,0.5562656,9.334011,89.87289,31274.14,190,136
100.949,0.7806134,0.2398991,66.43001,2.520885,-24165.86,190,136
101.272,0,0,44.47001,17.64888,-51045.86,190,136
101.628,0,0,2.50201,-4.799115,54.14365,190,136
101.883,0,0,6.40601,-3.335115,-15.85635,238,188
102.163,0,0,6.894011,-5.287115,-15.85635,238,200
102.453,0.06798765,0.3774859,-24.33799,13.25688,5444.144,228,204
102.733,0.1332318,0.3780782,-2.37799,-15.53512,7894.144,234,194
103.032,0,0,4.45401,-4.799115,124.1436,180,166
103.324,0.133163,0.3139646,26.90201,-24.31911,3064.144,238,222
103.637,0.133163,0.3139646,-48.73799,64.98489,8664.144,228,234
103.966,0.3453836,0.1664074,-11.64999,-32.12712,-1905.856,236,226
104.266,0.3300918,0.2467921,1.03801,16.18489,-4495.856,230,222
104.569,0.2027791,0.3929896,-46.78599,54.24889,15594.14,234,226
104.858,0.4692731,0.165682,-2.86599,-10.16712,10064.14,228,232
105.123,0.5489942,0.1991113,10.79801,14.72089,-16955.86,194,190
105.406,0.3730736,0.2835989,-0.4259901,9.352885,-4285.856,192,186
105.719,0.2835989,0.3730736,6.894011,-12.11911,6424.144,192,172
105.998,0.2835989,0.3730736,26.90201,-57.50312,13634.14,188,172
106.295,0.4931088,0.2278627,5.43001,75.72089,16854.14,182,188
106.589,0.4927969,0.2516816,-1.88999,-0.8951149,-15485.86,184,200
106.864,0.4194119,0.2912473,23.97401,-16.02312,-15555.86,160,184
107.172,0.3606153,0.3531532,22.51001,-18.46312,-13245.86,162,150
107.476,0.2868653,0.5935945,0.5500097,-14.55912,-6945.856,178,130
107.772,0.2888745,0.6421161,22.51001,-44.32712,-4075.856,174,152
108.087,0.2791045,0.7462187,7.38201,2.520885,614.1437,172,152
108.367,0.2627039,0.8630526,-6.76999,48.39288,404.1436,110,96
108.669,0.2627039,0.8630526,13.23801,45.46489,-1135.856,150,130
108.941,0.2540733,0.8618042,20.55801,-11.63111,-3445.856,238,214
109.241,0.2051571,0.9031978,-24.82599,-60.43112,824.1437,238,190
109.516,0.3681787,1.177099,73.26201,-62.87112,-3095.856,152,130
109.793,0.3213234,1.108152,-62.88999,11.79289,964.1437,228,192
110.123,0.4484457,1.555011,53.25401,246.5209,-645.8563,228,192
110.453,0,0,23.97401,-105.3271,7894.144,228,192
110.775,0,0,15.67801,3.984885,-85.85635,228,192
111.03,-0.2471827,0.7443411,11.28601,3.008885,334.1436,228,192
111.289,-0.1483155,0.8499147,21.53401,-81.90311,20494.14,228,192
111.622,0,0,28.36601,18.13689,264.1436,132,118
111.897,0.08649468,0.999886,16.65401,5.448885,-15.85635,128,106
112.223,0,0,22.02201,-43.83912,14754.14,130,108
112.517,0,0,-6.76999,172.8329,45414.14,122,100
112.813,0,0,8.358009,3.008885,-85.85635,126,126
113.069,0.3272743,0.4072219,33.73401,231.8809,-3375.856,126,126
113.342,0.2790529,0.4611166,19.09401,46.44088,17554.14,124,126
113.659,0.2946712,0.4344453,17.14201,-40.91112,27074.14,156,126
113.971,0.6144486,0.2410647,14.70201,47.90488,-14715.86,160,142
114.27,0.4086643,0.3123073,22.51001,30.82489,-15835.86,162,148
114.534,0.2497544,0.5675139,33.73401,-56.03912,-15.85635,144,152
114.848,0.3361775,0.4516577,3.47801,-2.847115,-3655.856,154,146
115.149,0.3272828,0.445097,28.85401,-10.65512,3694.144,146,142
115.452,0.3272828,0.445097,53.74201,53.76088,2434.144,148,150
115.75,0.3450317,0.4582678,10.79801,7.888885,-7295.856,152,148
116.036,0.3450317,0.4582678,38.12601,-86.78312,12304.14,146,126
116.318,0.3349455,0.474153,52.76601,-13.58311,-5405.856,156,144
116.624,0.02830389,0.5485801,-50.68999,66.44888,-5335.856,112,6
116.92,-0.3133821,0.8261337,6.40601,18.13689,1104.144,40,6
117.252,0,0,4.45401,30.33688,474.1436,42,0
117.545,0.04876995,1.020489,3.96601,10.32889,-2185.856,36,8
117.861,0,0,35.19801,116.7129,-1485.856,120,86
118.179,-0.1993918,0.7628981,-0.4259901,-5.775115,404.1436,42,14
118.509,0,0,44.95801,32.77689,194.1436,40,0
118.787,0,0,12.75001,5.936885,-85.85635,144,0
119.057,0,0,13.72601,4.960885,54.14365,146,10
119.367,-0.2374749,0.7800704,-18.48199,-34.07912,3554.144,48,22
119.66,-0.1993456,0.8057575,19.09401,95.72888,964.1437,146,18
119.969,-0.2014489,0.8222965,-49.71399,22.52888,474.1436,146,18
120.261,-0.2014489,0.8222965,68.87001,-204.8791,2364.144,100,6
120.566,-0.2014489,0.8222965,-53.61799,42.04889,-1065.856,122,14
120.88,-0.2014489,0.8222965,9.334011,23.01688,-15.85635,126,14
121.168,-0.251612,0.7629219,-0.91399,32.77689,18464.14,152,0
121.458,-0.2655471,0.745583,112.79,-62.38312,-505.8564,138,8
121.719,0,0,14.70201,-50.18312,-365.8564,188,128
121.975,0,0,14.21401,3.984885,-15.85635,188,128
122.298,0.2481881,0.1555621,15.67801,2.032885,-15.85635,188,128
122.557,0.2481881,0.1555621,25.92601,5.936885,54.14365,188,128
122.822,0.2481881,0.1555621,18.60601,21.06488,-2395.856,188,128
123.077,0.3234703,0.2378485,-15.55399,38.14489,-505.8564,188,128
123.355,0.2481881,0.1555621,-2.37799,-12.60711,-1765.856,150,0
123.691,0,0,13.23801,5.936885,-85.85635,144,0
123.995,0,0,24.95001,-35.54311,19934.14,174,0
124.292,0,0,14.21401,1.544885,54.14365,234,156
124.609,0,0,12.75001,4.960885,404.1436,232,146
124.874,0.2795785,0.2019927,63.50201,-25.29512,1314.144,234,176
125.177,0.3503226,0.2732931,-14.08999,-55.06312,-575.8563,234,180
125.469,0.2791773,0.3977904,-8.721991,45.95288,7544.144,200,172
125.767,0.1892002,0.6881801,-30.19399,7.400886,46114.14,200,0
126.057,0.2307885,0.4340764,116.694,-42.86312,48214.14,238,184
126.315,0,0,21.04601,14.23288,54.14365,218,152
126.629,0.7752767,0.3798233,42.03001,52.78489,4884.144,218,152
126.916,0,0,11.28601,-35.05511,11114.14,238,174
127.204,0,0,15.67801,6.424885,-15.85635,120,98
127.53,0.1921953,-0.7834295,69.35802,-38.95912,-44185.86,216,176
127.812,0,0,53.25401,94.75288,-90385.86,172,46
128.091,0.088,1.086535,25.43801,14.72089,4954.144,208,0
128.365,-0.08795658,0.6596992,-109.25,51.32088,68724.14,200,0
128.665,0.2599767,0.4499897,-3.84199,-78.48711,5444.144,208,164
128.998,0.5791395,0.5158142,40.56601,-41.88712,25814.14,184,158
129.312,0,0,-26.77799,-3.335115,-3025.856,184,158
129.574,-0.2118198,0.7443451,-40.44199,-9.679115,26514.14,184,158
129.845,0,0,50.81401,-71.16711,26094.14,222,176
130.103,0.2378486,0.3234702,10.79801,91.82488,2224.144,222,176
130.412,0.2378486,0.3234702,28.36601,25.45689,8244.144,222,176
130.676,0.2481881,0.1555621,14.70201,-72.14312,1244.144,222,176
130.984,0.3610644,0.2234467,1.526011,-11.14312,-925.8563,46,16
131.255,0.3402865,0.2387261,8.358009,-6.751115,894.1437,170,142
131.595,0.3402865,0.2387261,23.48601,16.18489,2924.144,170,142
131.853,0.2835989,0.3730736,3.96601,13.25688,12724.14,170,142
132.117,0.6271524,0.385372,10.79801,2.520885,4744.144,170,142
132.446,0.5969563,0.3954408,19.58201,63.03288,-7575.856,170,142
132.768,0.1759809,0.3944692,-34.09799,-17.48711,25184.14,170,142
133.023,0,0,21.04601,7.888885,684.1437,170,142
133.353,0.2979434,0.1727756,12.26201,2.032885,-15.85635,170,142
133.677,0.3402865,0.2387261,-6.28199,24.96888,5164.144,170,142
133.936,0.4344453,0.2946712,-11.16199,-23.83112,5164.144,170,142
134.191,0.5324482,0.305924,28.85401,6.424885,334.1436,170,142
134.516,0.5410469,0.3025918,-2.37799,3.984885,-10235.86,170,142
134.862,0.4428089,0.3558828,2.50201,12.76889,54.14365,170,142
135.19,0.4428089,0.3558828,43.00601,14.72089,2364.144,170,142
135.512,0.3398916,0.4661601,-44.83399,-14.55912,21124.14,170,142
135.768,0.607322,0.3157056,-3.35399,-1.871115,-2745.856,170,142
136.023,0.7099377,0.3235128,3.96601,23.01688,-31865.86,170,142
136.348,0.3713738,0.4783678,2.50201,90.36089,-12755.86,170,142
136.609,0.4244883,0.7808567,-6.28199,82.06489,36314.14,170,142
136.869,0.5319413,0.5269113,50.81401,31.80088,51854.14,170,142
137.128,0.8442131,0.5135788,0.5500097,3.984885,-9955.856,170,142
137.446,0.6574028,0.5560804,51.79001,-14.55912,-42085.86,170,142
137.71,0.646558,0.5626595,-19.45799,84.01688,-18635.86,170,142
137.964,0.5434616,0.7922225,19.58201,15.20889,17204.14,170,142
138.224,0,0,22.02201,3.984885,19094.14,170,142
138.542,0,0,11.77401,10.32889,-15.85635,170,142
138.804,0,0,8.84601,6.912885,-85.85635,170,142
139.061,0.3569215,0.4058412,-0.91399,-35.05511,13564.14,170,142
139.382,0.5197635,0.3971123,15.67801,-18.95111,3344.144,170,142
139.642,0.4869411,0.3528973,16.16601,-51.15911,4254.144,170,142
139.9,0.7153171,0.229838,3.96601,-19.92712,-18565.86,170,142
140.157,0,0,-44.34599,-84.34312,-9115.856,170,142
140.455,0,0,6.40601,6.424885,-15.85635,212,178
140.742,0,0,7.87001,5.448885,-15.85635,238,212
141.08,0.4936295,0.4423694,-37.02599,-14.55912,6424.144,238,208
141.398,0.5937883,0.4676175,-18.96999,102.5609,1944.144,238,188
141.69,0,0,-24.82599,-121.9191,264.1436,110,0
141.997,0.01285353,0.7553736,65.45401,15.20889,60814.14,238,112
142.286,0.3063049,0.2376493,-93.63399,44.00089,33724.14,140,112
142.546,0.7981384,0.552203,27.39001,56.20089,11254.14,224,138
142.848,0.8111058,0.6185412,-5.79399,-32.12712,44364.14,138,102
143.151,0,0,0.06200981,-37.98312,32394.14,88,0
143.445,1.255834,0.7817217,-10.67399,-45.30312,894.1437,140,0
143.762,0,0,-241.986,449.5289,29244.14,140,0
144.073,0.7687882,-0.1503231,5.43001,7.888885,-21925.86,148,0
144.348,0,0,-5.79399,-216.5911,-9815.856,148,0
144.632,0,0,-4.81799,1.544885,-15.85635,224,178
144.943,0,0,38.12601,0.08088493,-15.85635,194,160
145.239,0,0,5.918011,-0.8951149,-15.85635,154,102
145.549,-0.07645658,0.9342678,-43.36999,-75.07111,264.1436,154,108
145.866,-0.01169896,1.039419,0.5500097,1.544885,3204.144,204,134
146.188,0,0,-41.41799,-91.66312,-575.8563,204,18
146.483,-0.04534298,0.7751341,8.84601,22.04089,-1205.856,160,118
146.781,-0.1514741,0.6774908,22.51001,5.448885,2154.144,162,122
147.094,0,0,-28.24199,82.55289,16434.14,164,104
147.415,0,0,2.99001,0.5688848,-15.85635,182,66
147.718,0,0,6.40601,0.08088493,-15.85635,170,90
148.028,0,0,5.918011,-0.407115,54.14365,178,148
148.332,0,0,9.82201,-2.359115,54.14365,166,126
148.636,0.4423062,0.3842428,4.942011,-1.871115,334.1436,170,94
148.934,0.4406642,0.3038144,-29.21799,24.48088,-15205.86,162,68
149.207,0,0,50.81401,3.008885,124.1436,156,70
149.505,0,0,5.43001,-0.8951149,-85.85635,188,70
149.812,0,0,3.47801,1.544885,-15.85635,180,78
150.087,0,0,8.358009,-0.407115,-85.85635,178,60
150.386,0.3483106,0.4947445,128.894,-16.99911,23014.14,206,164
150.72,0,0,26.41401,-123.3831,-155.8564,238,214
150.995,0.09967136,0.8439202,7.38201,-1.871115,-15.85635,208,166
151.297,0,0,17.14201,-130.7031,-2535.856,188,152
151.607,0.4428089,0.3558828,7.38201,-2.359115,194.1436,184,144
151.909,0.4107625,0.4988385,55.20601,23.50489,9084.144,194,172
152.225,0.4710006,0.3764213,30.31801,2.520885,21614.14,188,136
152.516,0.5680845,0.3495961,62.03801,23.01688,-18425.86,180,150
152.808,0.3329101,0.7308112,-11.64999,-47.25512,-26755.86,168,122
153.096,0.1290386,0.6809717,83.02202,-31.63911,1944.144,134,74
153.36,-0.05556231,0.5108697,-43.85799,42.53688,-1275.856,238,164
153.65,-0.1047763,0.991918,-23.84999,14.23288,-85.85635,238,172
153.931,0,0,-54.59399,-96.54311,684.1437,220,172
154.193,0.3496011,1.431223,15.19001,64.98489,3554.144,238,172
154.489,0,0,-0.91399,-2.847115,-645.8563,238,178
154.774,0.4735154,1.526869,-94.12199,203.0889,8874.144,238,166
155.057,0.4763615,1.524392,-135.602,120.1289,74114.14,238,176
155.347,0,0,-45.80999,-3.335115,102814.1,238,210
155.635,0,0,4.942011,4.960885,-15.85635,202,74
155.943,0.892622,0.1147863,50.81401,-51.64712,-70785.86,198,58
156.294,0,0,-12.13799,-31.15112,544.1437,196,146
156.592,0.5063881,0.4324979,9.82201,-4.311115,964.1437,196,166
156.887,0.4992186,0.4240755,-9.69799,-16.02312,6284.144,162,148
157.169,0.5323422,0.1807366,40.56601,16.18489,-22625.86,206,144
157.472,0,0,-6.28199,-41.88712,-1275.856,204,182
157.787,0.5126883,0.4014999,4.942011,1.544885,-855.8563,202,186
158.115,0.4918329,0.4022159,33.73401,-17.48711,5864.144,204,192
158.393,0.8862041,0.3343554,44.95801,24.48088,-43345.86,206,186
158.673,0.5059179,0.3927975,18.60601,-80.92712,-31375.86,186,156
158.991,0.4502805,1.105312,-43.85799,1.056885,964.1437,186,156
159.248,0.2761891,0.6831776,34.22201,-50.18312,-12615.86,186,156
159.527,0.4979503,1.50882,67.89401,-6.263115,-13665.86,72,4
159.806,0.4653428,1.534672,-7.74599,-50.67112,-16185.86,76,18
160.073,0.4329543,1.58177,55.69401,-0.407115,-12755.86,26,6
160.332,0.4123572,1.716502,-6.76999,-106.7911,8874.144,26,6
160.593,0.4269357,1.807381,-60.44999,16.67289,1804.144,26,6
160.928,0.4142052,1.73696,48.37401,102.0729,40514.14,26,6
161.258,0.420504,1.616086,14.70201,74.25688,-12265.86,26,6
161.608,0.420504,1.616086,22.51001,2.032885,-18285.86,238,0
161.944,0.4216249,1.612063,34.71001,-61.89511,-4775.856,238,0
162.264,0,0,2.99001,-45.30312,-3515.856,238,0
162.524,0,0,1.526011,21.55289,-995.8563,238,0
162.778,-0.4479401,-0.4610013,82.53401,30.82489,7544.144,238,0
163.033,-0.4681191,-0.4793273,-2.37799,13.74489,10624.14,238,0
163.354,-0.4879029,-0.4986659,41.05401,20.08889,14894.14,238,0
163.619,-0.4879029,-0.4986659,3.47801,15.69689,18954.14,238,0
163.874,-0.4879029,-0.4986659,25.43801,-29.68711,16644.14,238,0
164.163,-0.4879029,-0.4986659,-2.86599,51.32088,2294.144,238,204
164.425,-0.4879029,-0.4986659,-16.52999,5.936885,8734.144,238,204
164.682,-0.4879029,-0.4986659,2.01401,11.79289,20144.14,238,204
165.016,-0.1553369,0.8413312,-2.37799,5.448885,-155.8564,238,204
165.333,0.09581476,1.055658,-10.67399,-69.21512,2224.144,238,204
165.596,0.1016537,1.052381,25.43801,19.60088,-1905.856,238,204
165.85,0.4406049,1.430242,44.47001,-70.67912,-2465.856,238,204
166.17,0.5576161,1.485126,-155.122,17.64888,54.14365,238,204
166.522,0.4329543,1.58177,63.01401,22.52888,-2605.856,238,204
166.787,0.4329543,1.58177,-75.09,-102.3991,-12545.86,238,204
167.104,0,0,-25.31399,-134.1191,-1135.856,238,218
167.363,0.004674673,-0.989621,7.87001,-31.63911,-15.85635,238,218
167.617,-0.4886987,-0.4969344,-37.51399,0.08088493,11604.14,238,218
167.884,-0.4879029,-0.4986659,53.74201,28.87288,14894.14,238,218
168.201,-0.4879029,-0.4986659,-14.08999,8.864885,13074.14,238,218
168.46,-0.4879029,-0.4986659,-18.96999,-46.27912,18674.14,238,218
168.723,-0.4879029,-0.4986659,-28.24199,-55.55112,7054.144,238,218
168.982,-0.4879029,-0.4986659,2.99001,53.76088,19724.14,238,218
169.243,-0.4869471,-0.5014905,41.54201,36.19289,2644.144,238,218
169.488,-0.4862615,-0.5181655,19.09401,-0.407115,17134.14,238,218
169.821,0,0,1.03801,-6.263115,474.1436,238,218
170.075,0.2300016,0.6206082,28.85401,18.13689,-1905.856,238,218
170.337,0.4244031,1.054813,52.76601,-45.30312,1454.144,238,218
170.665,0.6714478,1.444659,-15.55399,-3.335115,-18915.86,238,218
170.925,0.6494419,1.441162,14.21401,147.9449,-10375.86,238,218
171.184,-0.02683243,0.9128639,15.19001,-224.8871,27144.14,238,218
171.47,0,0,0.06200981,7.400886,54.14365,238,218
171.748,0.8440212,1.363707,-43.85799,-17.97511,25324.14,228,208
172.007,0.800238,1.378545,81.55801,-29.68711,-5965.856,238,202
172.286,0.7256519,1.418525,-127.794,23.01688,45554.14,238,216
172.607,0,0,11.28601,-128.7511,-4565.856,238,216
172.866,0.6755019,1.481489,-103.882,155.2649,21964.14,238,216
173.126,0.6755019,1.481489,-25.80199,45.95288,57944.14,238,216
173.458,0,0,45.44601,-85.80711,10274.14,238,216
173.791,-0.1974351,0.9475113,-6.76999,109.3929,24344.14,238,216
174.05,-0.2034877,0.9555296,59.11001,-94.10312,56894.14,238,216
174.315,0,0,-111.69,21.06488,52414.14,238,216
174.635,0,0,-4.32999,3.008885,54.14365,238,216
174.895,0,0,3.47801,5.448885,-85.85635,100,16
175.173,-0.2,0.8666667,-11.16199,107.4409,24834.14,44,16
175.525,0,0,-19.45799,46.44088,-15.85635,44,16
175.853,0.3387642,0.3760378,-2.37799,32.77689,2014.144,42,22
176.114,0.3387642,0.3760378,63.01401,-2.359115,5934.144,52,24
176.387,0.3387642,0.3760378,-13.11399,7.400886,964.1437,52,26
176.656,0.3234477,0.3767473,-25.31399,-17.48711,2014.144,44,0
176.932,0.3065634,0.3623601,-10.18599,63.52088,4604.144,238,210
177.252,0.2980782,0.3552132,2.99001,5.936885,-15.85635,238,214
177.508,0.2895616,0.3481004,-9.69799,-10.16712,-1205.856,238,214
177.769,0.1634834,0.2736264,0.06200981,-10.16712,124.1436,238,208
178.024,0.1826524,0.2854456,17.14201,30.82489,194.1436,238,208
178.339,0.3150192,0.3695388,9.334011,-0.8951149,-2675.856,238,208
178.603,0.3079978,0.3779966,-2.86599,-6.263115,-575.8563,238,208
178.867,0.3165813,0.3850179,-6.76999,-59.94312,-505.8564,238,208
179.202,0,0,46.91001,98.16888,964.1437,238,208
179.52,0,0,3.47801,5.936885,54.14365,238,208
179.78,0,0,1.03801,5.448885,-15.85635,238,208
180.108,0,0,0.5500097,5.936885,54.14365,238,208
180.442,0,0,1.03801,4.960885,54.14365,238,208
180.766,0,0,1.526011,5.448885,-15.85635,238,208
181.023,0,0,0.5500097,4.472885,54.14365,238,208
181.285,0,0,1.03801,4.960885,-15.85635,238,208
181.616,0,0,1.526011,4.960885,-15.85635,238,208
181.948,0,0,0.06200981,6.424885,-15.85635,238,208
182.203,0,0,1.526011,6.912885,54.14365,238,208
182.47,0,0,1.03801,5.936885,54.14365,238,214
182.794,0,0,2.01401,5.936885,-15.85635,238,214
183.052,0,0,1.526011,3.008885,54.14365,238,214
183.313,0,0,0.5500097,7.400886,54.14365,238,214
183.645,0,0,2.50201,6.424885,54.14365,238,214
183.971,0,0,0.5500097,5.936885,-15.85635,238,214
184.227,0,0,0.06200981,3.984885,-15.85635,238,214
184.553,0,0,1.03801,4.472885,54.14365,238,214
184.808,0,0,0.06200981,5.448885,-15.85635,238,214
185.063,0,0,0.06200981,5.448885,-15.85635,238,214
185.319,0,0,1.526011,6.912885,-15.85635,238,214
185.64,0,0,0.06200981,3.008885,-15.85635,238,214
185.971,0,0,-0.91399,3.008885,54.14365,238,214
186.304,0,0,-1.88999,7.400886,-15.85635,238,214
186.562,0,0,2.01401,7.400886,-15.85635,238,214
186.875,0,0,1.03801,5.936885,-15.85635,238,214
187.134,0,0,1.03801,3.984885,-85.85635,238,214
187.393,0,0,2.01401,2.520885,-15.85635,238,214
187.707,0,0,2.50201,4.472885,-15.85635,238,214
187.966,0,0,0.5500097,3.984885,-15.85635,238,214
188.298,0,0,-2.37799,4.960885,54.14365,238,214
188.619,0,0,-0.4259901,4.472885,-15.85635,238,214
188.948,0,0,2.50201,7.400886,-15.85635,238,214
189.207,0,0,1.526011,5.448885,-15.85635,238,214
189.525,0,0,-1.40199,4.472885,-15.85635,238,214
189.785,0,0,1.526011,7.400886,-15.85635,238,214
190.039,0,0,1.526011,6.912885,-15.85635,238,214
190.365,0,0,0.06200981,5.936885,54.14365,238,214
190.629,0,0,1.03801,4.960885,54.14365,238,214
190.884,0,0,0.06200981,4.472885,-15.85635,238,214
191.206,0,0,0.06200981,3.984885,-15.85635,238,214
191.466,0,0,-0.4259901,5.448885,-15.85635,238,214
191.802,0,0,2.01401,4.960885,54.14365,238,214
192.133,0,0,1.526011,5.936885,54.14365,238,214
192.376,0,0,2.99001,4.960885,-15.85635,238,214
192.711,0,0,-0.4259901,4.472885,-15.85635,238,214
193.048,0,0,0.5500097,5.936885,-15.85635,238,214
193.374,0,0,1.03801,4.960885,-15.85635,238,214
193.7,0,0,0.06200981,4.960885,54.14365,238,214
193.961,0,0,1.03801,6.424885,-15.85635,238,214
194.221,0,0,2.50201,5.448885,54.14365,238,214
194.538,0,0,2.50201,5.936885,-15.85635,238,214
194.865,0,0,2.50201,5.936885,-15.85635,238,214
195.217,0,0,1.03801,5.448885,-15.85635,238,214
195.475,0,0,-1.40199,7.888885,-15.85635,238,196
195.733,0,0,1.03801,6.912885,54.14365,238,196
196.047,0,0,1.03801,5.448885,54.14365,238,196
196.303,0,0,0.5500097,6.424885,-15.85635,238,196
196.563,0,0,1.526011,4.960885,54.14365,238,196
196.884,0,0,2.01401,5.448885,-15.85635,238,196
197.139,0,0,-0.4259901,6.424885,-15.85635,238,196
197.401,0,0,0.5500097,6.424885,-15.85635,238,196
197.717,0,0,-1.40199,5.448885,-85.85635,238,196
198.005,0,0,1.03801,5.936885,-15.85635,238,196
198.305,0,0,0.5500097,5.448885,-15.85635,238,196
198.59,0,0,-0.4259901,6.424885,-15.85635,238,196
198.894,0,0,0.5500097,3.984885,-15.85635,238,196
199.185,0,0,1.526011,3.984885,54.14365,238,196
199.493,0,0,1.03801,6.912885,-15.85635,238,196
199.785,0,0,1.03801,4.960885,-15.85635,238,196
200.095,0,0,-0.4259901,4.960885,-15.85635,238,200
200.384,0,0,-0.91399,4.960885,-15.85635,238,200
200.684,0,0,0.5500097,4.472885,-15.85635,238,200
200.972,0,0,1.526011,5.936885,-15.85635,238,200
201.275,0,0,0.06200981,2.520885,-85.85635,238,200
201.564,0,0,1.03801,2.520885,-15.85635,238,200
201.865,0,0,1.526011,5.936885,-15.85635,238,200
202.161,0,0,2.01401,3.008885,-15.85635,238,200
202.465,0,0,-0.91399,6.424885,-15.85635,238,200
202.753,0.3402865,0.2387261,14.21401,2.032885,-1555.856,238,200
203.062,0.5078396,0.5904798,5.918011,36.19289,-13665.86,238,200
203.354,0.8202913,1.303939,26.90201,39.60888,-26125.86,238,200
203.656,0.5375051,1.490731,29.83001,-14.07112,-41035.86,238,200
203.947,0.4553108,1.545934,-7.74599,-65.79912,-31515.86,238,200
204.257,0,0,-52.15399,-65.79912,21824.14,238,200
204.545,0,0,14.21401,1.544885,-155.8564,238,200
204.85,0.5375051,1.490731,4.942011,76.69688,59764.14,238,200
205.146,0.4707301,1.529408,-61.42599,186.4969,25254.14,238,200
205.455,0.4329543,1.58177,-14.57799,-144.8551,22314.14,238,200
205.742,0.4158848,1.636951,-137.554,-111.1831,14614.14,238,200
206.045,0,0,-33.12199,181.1289,24484.14,238,200
206.335,0.4979503,1.50882,5.43001,6.912885,124.1436,238,200
206.642,0.2087837,1.098223,1.526011,173.3209,-14505.86,156,114
206.94,-0.2,0.8666667,28.85401,14.23288,19304.14,218,194
207.243,0.5115607,1.501331,-22.87399,222.1209,29104.14,218,194
207.533,0,0,11.28601,-107.2791,39394.14,218,194
207.838,0.7139251,-0.0712662,14.21401,8.376885,-15.85635,218,194
208.132,0.7198344,-0.02175105,25.43801,18.13689,-62315.86,218,194
208.442,0,0,43.49401,29.36089,-63225.86,238,198
208.735,0.2009691,0.8939844,18.11801,64.00889,45834.14,238,206
209.04,0,0,4.45401,17.64888,79924.14,238,206
209.334,0.4134389,0.350613,21.04601,20.57689,-1905.856,238,206
209.646,0.808543,0.06490231,35.68601,61.08089,-33755.86,238,178
209.933,1.142529,0.1057383,22.51001,45.95288,-106975.9,214,186
210.241,0,0,22.51001,-23.83112,194.1436,238,198
210.53,0,0,6.894011,4.960885,-85.85635,238,198
210.84,0.8141123,-0.2254065,37.63801,132.8169,-15555.86,202,178
211.147,0.8467692,-0.1953637,68.87001,126.4729,-25565.86,182,176
211.411,0,0,23.48601,-3.335115,1104.144,156,122
211.67,0,0,-1.88999,11.79289,-15.85635,152,104
212.004,0.3131484,0.2464142,2.99001,8.376885,-85.85635,152,104
212.283,0.3029922,0.2552496,-25.80199,-3.335115,2574.144,150,102
212.539,0.264342,0.2930176,2.99001,-5.287115,194.1436,148,104
212.812,0.317647,0.317647,6.40601,-20.41512,5374.144,148,108
213.083,0.3481005,0.2895615,17.14201,37.65688,2154.144,148,114
213.401,0.3663916,0.2747339,-5.79399,0.5688848,3134.144,144,118
213.666,0.3730736,0.2835989,2.01401,-18.95111,1594.144,142,118
214.007,0.3663916,0.2747339,1.03801,79.13689,4394.144,138,122
214.26,0.3865953,0.3011901,12.75001,-33.10312,4394.144,136,126
214.588,0.422222,0.2762136,47.39801,35.70488,-15.85635,136,134
214.937,0.4976162,0.2378844,-17.99399,-15.53512,-13105.86,130,122
215.253,0.4178462,0.722245,34.71001,3.496885,-15065.86,110,74
215.524,0.4428397,0.8054272,23.48601,51.32088,-14295.86,156,118
215.782,0.5453961,1.488292,26.90201,5.448885,-16395.86,70,32
216.044,0.5414248,1.489478,-10.67399,12.76889,-26405.86,238,204
216.387,0.07596308,1.228594,-67.28199,-91.66312,-6665.856,238,208
216.699,0.4496355,1.519008,-6.28199,11.79289,54.14365,96,0
216.961,0,0,-6.76999,16.18489,-1625.856,30,0
217.269,0.4938785,1.441613,12.26201,22.52888,-4635.856,48,6
217.591,0.4313092,1.585369,16.65401,43.02488,-12335.86,94,0
217.889,0,0,11.77401,6.424885,-295.8564,88,0
218.154,0.4194487,1.620159,9.334011,36.19289,754.1437,88,0
218.412,0.4188248,1.76875,-33.60999,40.58488,-8975.856,82,52
218.722,0,0,-6.28199,23.01688,-645.8563,30,0
219.047,0,0,3.96601,13.74489,-365.8564,22,0
219.3,0,0,-53.61799,80.60088,98964.14,22,0
219.61,0,0,-146.338,-8.215115,90564.14,80,60
219.916,0,0,-4.32999,18.13689,-155.8564,238,182
220.229,0,0,8.358009,13.74489,-15.85635,238,196
220.566,0,0,10.79801,13.74489,-15.85635,238,212
220.879,0,0,10.31001,14.72089,-15.85635,230,176
221.138,0.1548467,0.7225336,14.21401,-11.63111,-5265.856,238,174
221.472,0.2032667,0.7285165,5.918011,249.4489,26934.14,238,194
221.803,0.3558829,0.4428088,-57.03399,-28.22311,85524.14,238,192
222.067,0.8258822,0.3683884,89.36601,-8.703115,12444.14,62,0
222.363,0,0,-36.53799,-87.27112,-1415.856,142,92
222.618,0,0,9.82201,5.936885,54.14365,228,138
222.949,0,0,13.72601,5.448885,54.14365,238,90
223.212,0,0,12.75001,5.936885,-15.85635,222,90
223.465,0,0,3.96601,-10.16712,614.1437,226,90
223.782,0,0,43.49401,102.5609,67604.14,224,200
224.097,0,0,-109.25,-129.7271,31344.14,214,192
224.384,0,0,59.59801,27.40889,-9675.856,214,192
224.689,0,0,26.41401,99.14488,4324.144,214,192
224.98,0,0,41.54201,15.20889,22314.14,214,192
225.272,0,0,-17.99399,8.376885,-645.8563,214,192
225.576,0,0,-119.498,-4.799115,-11775.86,214,192
225.864,0,0,54.23001,79.13689,13634.14,214,192
226.164,0,0,23.97401,-29.68711,-1135.856,214,192
226.452,0,0,70.82201,-106.3031,12304.14,214,192
226.755,0,0,-60.93799,-6.263115,6004.144,214,192
227.083,0,0,-18.48199,-137.5351,15664.14,210,160
227.37,0,0,294.814,74.25688,1384.144,210,160
227.674,0,0,42.51801,33.75288,1384.144,210,160
227.962,0,0,18.60601,16.67289,334.1436,210,160
228.286,0,0,11.28601,-11.63111,124.1436,236,176
228.614,0,0,10.79801,-6.263115,-15.85635,234,176
228.942,0,0,9.82201,-1.871115,-85.85635,234,176
229.268,0,0,10.79801,-3.823115,-15.85635,230,156
229.584,-0.0747489,0.9618906,-6.76999,25.45689,49194.14,236,156
229.84,0,0,18.11801,23.99289,-1835.856,234,216
230.135,0,0,38.12601,-22.36712,-24795.86,238,204
230.454,0,0,11.77401,-6.751115,54.14365,234,194
230.762,0,0,10.79801,-5.287115,-15.85635,238,212
231.027,0,0,9.82201,-6.751115,54.14365,238,202
231.374,0,0,10.31001,-8.703115,-15.85635,238,200
231.698,0.3402865,0.2387261,54.71801,-60.43112,-2115.856,238,204
231.971,0.3730736,0.2835989,-7.74599,-100.4471,2924.144,238,204
232.222,0.3730736,0.2835989,1.526011,-39.44712,4814.144,238,204
232.581,0.3663916,0.2747339,27.39001,2.520885,-4075.856,238,170
232.851,0.3757439,0.2676802,-25.80199,51.32088,-5685.856,238,198
233.196,0.3822094,0.2767074,25.43801,-5.287115,1034.144,238,200
233.535,0.3822094,0.2767074,-5.30599,7.400886,2294.144,238,176
233.811,0.5590515,0.1969065,21.53401,48.39288,5864.144,238,178
234.09,0.5590515,0.1969065,-22.38599,56.68888,-14575.86,238,180
234.414,0.4887395,0.2177526,13.72601,35.70488,-11635.86,238,166
234.679,0,0,12.26201,-25.78312,-18705.86,238,194
234.932,0,0,5.918011,-1.871115,-85.85635,234,156
235.187,0.1905696,0.4146238,6.40601,-5.287115,-15.85635,226,154
235.515,0.2459724,0.4295399,24.46201,-14.55912,12934.14,230,156
235.785,0.3336539,0.3991654,8.358009,28.38488,8314.144,238,198
236.056,0.5935946,0.2868653,-6.28199,-18.95111,-9675.856,238,202
236.38,0,0,28.36601,-2.359115,614.1437,238,200
236.632,0,0,10.31001,-4.311115,-155.8564,238,158
236.954,0,0,7.38201,-2.359115,-15.85635,238,214
237.208,0,0,5.43001,-5.287115,-15.85635,238,208
237.498,0,0,7.38201,-5.775115,-85.85635,238,200
237.799,0,0,3.96601,-4.799115,-15.85635,238,200
238.094,0,0,6.40601,2.032885,-365.8564,218,154
238.435,0,0,11.77401,-3.335115,-155.8564,114,106
238.697,0,0,10.79801,-9.679115,54.14365,116,108
239.012,0,0,8.84601,-3.823115,-15.85635,114,106
239.274,0,0,2.01401,5.936885,-15.85635,116,108
239.617,0,0,-29.21799,5.448885,-225.8564,118,108
239.939,0,0,26.41401,-10.16712,54.14365,118,104
240.262,0,0,7.87001,-4.799115,-15.85635,118,110
240.608,0,0,9.334011,-5.775115,-85.85635,120,108
240.934,0,0,11.28601,-5.287115,-85.85635,122,108
241.2,0,0,6.894011,-2.359115,124.1436,120,104
241.522,0,0,-0.91399,-2.847115,334.1436,120,104
241.788,0,0,18.11801,-8.215115,54.14365,120,96
242.043,0,0,5.43001,-5.287115,54.14365,122,110
242.351,0,0,8.84601,-3.823115,-15.85635,118,108
242.68,0,0,-15.55399,2.520885,124.1436,122,108
243.007,0,0,8.84601,-4.799115,-15.85635,118,106
243.273,0,0,6.40601,-3.335115,-15.85635,118,102
243.525,0,0,7.87001,-2.847115,-15.85635,118,112
243.843,0,0,12.26201,-1.383115,-15.85635,118,110
244.118,0,0,2.50201,0.08088493,-85.85635,118,106
244.434,0,0,8.84601,-4.311115,-15.85635,114,98
244.709,0,0,11.28601,-7.239115,-85.85635,114,106
244.95,0,0,5.918011,-2.359115,-85.85635,120,106
245.302,0,0,20.55801,-7.727115,404.1436,118,108
245.611,0,0,7.87001,5.448885,-85.85635,116,108
245.913,0,0,15.67801,-5.775115,-295.8564,116,106
246.178,0,0,11.77401,-6.263115,-15.85635,118,106
246.431,0,0,4.942011,-3.335115,54.14365,118,110
246.751,0,0,15.19001,-5.287115,-155.8564,118,112
247.052,0,0,4.942011,-3.335115,-85.85635,114,108
247.339,0,0,26.41401,-17.97511,194.1436,114,108
247.624,0,0,25.92601,-12.11911,-295.8564,114,108
247.926,0,0,40.56601,6.424885,-435.8564,114,108
248.217,0,0,-19.94599,-4.311115,-3725.856,114,108
248.525,0,0,22.02201,-1.871115,194.1436,114,108
248.813,0,0,25.43801,4.960885,-155.8564,114,108
249.135,0,0,1.03801,-2.359115,-15.85635,116,106
249.457,0,0,8.358009,0.08088493,-155.8564,118,108
249.784,0,0,4.942011,-4.799115,54.14365,118,106
250.041,0,0,11.28601,-22.85511,-575.8563,116,108
250.387,0,0,4.942011,-3.823115,-365.8564,116,104
250.71,0,0,22.99801,-17.97511,334.1436,118,106
250.969,0,0,-5.79399,-7.727115,-855.8563,118,108
251.256,0,0,9.82201,-3.335115,-15.85635,118,108
251.565,0,0,-134.138,-59.45512,13704.14,118,108
251.899,0,0,21.53401,-20.41512,3764.144,120,126
252.172,0,0,2.99001,2.032885,54.14365,128,122
252.448,0,0,4.942011,-12.11911,54.14365,128,124
252.709,0,0,12.75001,-7.239115,-15.85635,128,120
252.983,0,0,5.918011,-15.53512,-15.85635,128,120
253.241,0,0,5.43001,-20.90311,-295.8564,122,132
253.516,0,0,3.47801,-7.727115,194.1436,130,122
253.79,0,0,5.43001,-1.871115,-225.8564,120,132
254.053,0,0,10.79801,-8.215115,544.1437,130,122
254.319,0,0,7.38201,-8.215115,54.14365,128,120
254.575,0,0,-6.28199,-11.63111,-435.8564,130,122
254.845,0,0,22.02201,-14.55912,-85.85635,126,120
255.193,0,0,4.942011,-0.407115,-85.85635,128,122
255.529,0,0,8.358009,-4.311115,-85.85635,120,124
255.802,0,0,11.77401,-7.239115,-155.8564,128,120
256.077,0,0,2.99001,-4.311115,-85.85635,124,120
256.404,0,0,2.99001,-5.775115,54.14365,130,122
256.663,0,0,28.85401,2.520885,1664.144,130,122
256.919,0,0,9.82201,-1.871115,54.14365,128,120
257.172,0,0,4.45401,-7.239115,-85.85635,120,130
257.428,0,0,6.894011,-0.8951149,-225.8564,130,122
257.756,0,0,-29.21799,4.960885,-15.85635,134,120
258.025,0,0,17.63001,-7.727115,614.1437,134,122
258.351,0,0,7.87001,-11.14312,124.1436,136,116
258.62,0,0,2.01401,-24.80711,3134.144,138,116
258.876,0,0,14.70201,-13.58311,-15.85635,140,122
259.148,0,0,16.65401,-6.263115,54.14365,136,120
259.424,0,0,16.16601,-12.11911,194.1436,132,116
259.688,0,0,13.72601,-5.775115,-505.8564,134,122
259.962,0,0,0.06200981,-2.359115,-85.85635,120,134
260.218,0,0,3.47801,-7.727115,-85.85635,130,120
260.49,0,0,4.45401,-5.287115,-85.85635,134,114
260.836,0,0,6.40601,-4.311115,194.1436,138,122
261.099,0,0,4.942011,-3.823115,-85.85635,134,120
261.367,0,0,-263.458,-60.43112,-995.8563,136,122
261.702,0,0,-16.04199,202.6009,10134.14,134,120
262.032,0,0,0.5500097,-3.823115,54.14365,138,126
262.304,0,0,1.526011,-5.287115,-15.85635,132,124
262.56,0,0,7.38201,-5.287115,-85.85635,140,122
262.831,0,0,4.942011,-5.775115,-15.85635,144,122
263.103,0,0,10.79801,-2.359115,-295.8564,132,122
263.44,0,0,-13.60199,-7.239115,54.14365,138,120
263.717,0,0,0.06200981,-8.215115,194.1436,132,122
264.064,0,0,8.358009,-7.727115,54.14365,136,126
264.32,0,0,6.40601,-5.775115,54.14365,136,124
264.582,0,0,15.19001,-4.311115,-85.85635,132,126
264.921,0,0,19.58201,-5.775115,-155.8564,136,116
265.188,0,0,8.358009,-5.775115,-85.85635,136,122
265.446,0,0,9.82201,0.5688848,194.1436,138,122
265.699,0,0,45.44601,4.472885,-2115.856,134,118
265.955,0,0,-7.74599,12.76889,-3445.856,132,120
266.282,0,0,-2.86599,-5.775115,54.14365,132,120
266.557,0,0,16.16601,-10.16712,-9815.856,134,118
266.906,0,0,-1.40199,-7.727115,-155.8564,126,118
267.238,0,0,4.942011,-5.287115,124.1436,122,130
267.507,0,0,7.38201,-7.239115,-85.85635,126,120
267.759,0,0,8.358009,-6.751115,-15.85635,118,126
268.037,0,0,6.894011,-1.383115,-15.85635,118,126
268.303,0,0,5.918011,-5.775115,-15.85635,120,124
268.631,0,0,5.43001,-3.823115,-15.85635,126,120
268.969,0,0,4.45401,-5.775115,-15.85635,118,130
269.291,0,0,6.40601,-7.239115,-15.85635,238,162
269.607,0,0,7.38201,-5.287115,-15.85635,238,166
269.862,0,0,8.358009,-6.263115,-15.85635,188,160
270.177,0.2604081,0.1744442,4.942011,-5.775115,-15.85635,238,162
270.506,0.3435226,0.2645102,3.96601,-1.871115,4534.144,238,168
270.748,0.3435226,0.2645102,-3.35399,1.544885,1594.144,232,166
271.081,0.4237147,0.3151238,24.46201,-4.311115,4604.144,238,166
271.334,0.407222,0.3272743,23.48601,49.85688,7194.144,238,182
271.649,0.5716393,0.2596593,-22.38599,1.056885,-10585.86,238,184
271.927,0.3120141,0.4928156,14.70201,-27.73512,-31445.86,146,136
272.249,0.3422095,0.7178044,-23.84999,-70.67912,-12475.86,134,126
272.539,0.3440557,0.6843826,-5.30599,37.65688,-10515.86,238,208
272.852,0.5236423,1.112287,128.406,23.99289,-7435.856,238,208
273.145,0.369713,1.012505,-3.35399,-6.751115,6564.144,120,68
273.449,0.3407404,1.535885,-104.37,70.84088,30364.14,120,68
273.738,0,0,55.20601,55.22488,71944.14,120,68
274.044,0,0,32.75801,-0.8951149,-295.8564,120,68
274.376,0.3154461,0.2016064,33.24601,20.57689,1104.144,84,68
274.699,0.2708329,0.2395137,-5.30599,8.376885,2994.144,84,68
275.013,0.3200462,0.2551291,22.99801,39.60888,3554.144,96,68
275.277,0.3532049,0.256848,10.79801,23.01688,3694.144,110,70
275.547,0.3597672,0.2658183,34.22201,-67.26311,-1765.856,106,70
275.811,0.4257425,0.3003304,50.81401,79.13689,-2185.856,110,68
276.071,0.4504821,0.3503632,22.99801,2.520885,-6945.856,116,72
276.383,0.4504821,0.3503632,39.59001,16.18489,-11425.86,122,96
276.655,0.4428089,0.3558828,-10.18599,1.544885,-13035.86,116,104
276.919,0.435254,0.361587,59.59801,-16.02312,-12545.86,116,110
277.236,0.1480891,0.978323,-17.01799,-61.89511,8594.144,110,106
277.547,0.157654,1.028554,-26.28999,89.87289,35474.14,108,112
277.858,0.2888745,0.6421161,24.46201,-24.31911,28334.14,136,114
278.121,0.3554597,0.6189219,94.24602,14.72089,50454.14,166,96
278.38,0.5129329,0.4277859,40.07801,-0.8951149,26864.14,220,152
278.655,0.8483343,0.4547128,132.798,-46.27912,43174.14,218,104
278.992,0,0,-24.82599,-148.2711,9784.144,232,166
279.254,0.1175186,-0.8318257,25.43801,36.68089,-2185.856,234,0
279.522,0.3882079,-0.590083,37.63801,-94.10312,-79325.86,238,0
279.844,0,0,22.99801,12.76889,-295.8564,204,150
280.159,-0.1623199,0.8327131,-35.56199,39.12088,95604.14,220,2
280.486,0,0,-25.31399,44.00089,-1555.856,238,172
280.749,0,0,22.51001,3.984885,-85.85635,122,0
281.024,0,0,3.96601,23.50489,334.1436,238,0
281.287,0,0,15.67801,5.936885,-15.85635,234,0
281.547,1.30227,0.2594798,14.70201,9.352885,-15.85635,220,12
281.822,0,0,16.65401,3.496885,54.14365,238,0
282.083,0,0,31.78201,24.48088,13774.14,140,2
282.362,0.03581217,-0.9341339,25.92601,-60.91912,-23745.86,220,0
282.638,0,0,7.38201,32.28888,54.14365,118,0
282.899,0,0,19.58201,-135.0951,-12965.86,46,12
283.17,0,0,6.40601,16.67289,-85.85635,86,2
283.424,0.3798094,0.2924165,51.30201,61.08089,6494.144,96,60
283.704,0.3730736,0.2835989,-76.55399,-6.263115,1734.144,52,0
283.973,0.3663916,0.2747339,29.83001,20.57689,5794.144,44,10
284.274,0,0,10.31001,12.28088,-225.8564,62,30
284.574,0.04834098,0.6938204,-92.65799,-38.95912,48844.14,62,30
284.901,0.3495885,0.2042281,-49.22599,-39.93512,15804.14,104,0
285.174,0.6850282,0.3051349,-2.86599,46.92889,-11985.86,122,0
285.477,0.3795306,0.506501,-21.40999,58.15289,-34315.86,206,0
285.785,0,0,73.75002,-47.25512,51084.14,206,0
286.076,0,0,8.358009,-9.191115,544.1437,206,0
286.384,0.4778538,0.3986847,38.61401,85.48089,5934.144,206,0
286.675,0.5706527,0.3373238,9.334011,28.87288,10064.14,206,0
286.98,0.6120985,0.3252138,38.61401,23.01688,-14995.86,206,0
287.267,0,0,-6.76999,0.08088493,-16535.86,206,0
287.575,0,0,10.31001,10.32889,-295.8564,206,0
287.869,0.4805201,0.3439425,-2.37799,7.400886,-365.8564,206,0
288.173,0,0,14.70201,16.67289,124.1436,206,0
288.467,0,0,15.67801,26.92088,-23535.86,206,0
288.778,0,0,12.26201,5.448885,-15.85635,206,0
289.069,0.2909522,0.2816504,-29.21799,-6.751115,20984.14,206,0
289.377,0.530427,0.1243693,3.96601,18.62489,6634.144,206,0
289.668,0.5399117,0.111116,29.83001,-7.239115,-30465.86,206,0
289.977,0.1594984,0.8573908,14.21401,84.50488,-4215.856,206,0
290.27,0,0,7.38201,-88.73512,100084.1,206,0
290.577,0,0,10.79801,3.496885,404.1436,206,0
290.866,0.8395439,-0.1161872,-26.28999,-0.8951149,-23045.86,206,0
291.173,0,0,-42.39399,-50.18312,-6035.856,206,0
291.503,0,0,7.38201,1.544885,54.14365,200,190
291.82,0,0,10.31001,1.544885,-15.85635,200,188
292.081,0,0,9.334011,2.520885,54.14365,202,188
292.401,0,0,7.38201,4.960885,-15.85635,202,190
292.654,0,0,8.358009,2.520885,-15.85635,202,190
292.986,0.3169184,0.2288423,51.30201,62.54488,-1765.856,200,188
293.282,0.3300918,0.2467921,16.16601,45.46489,2644.144,202,192
293.6,0.5264862,0.1595082,8.84601,27.89688,1874.144,202,190
293.896,0.5029413,0.2241476,52.27801,21.55289,-20525.86,202,190
294.199,0.3056513,0.3465092,22.51001,32.77689,-13105.86,202,190
294.495,0.2729128,0.4069564,-36.53799,-13.09512,-4075.856,202,190
294.799,0,0,6.40601,2.032885,-85.85635,202,190
295.085,0,0,5.918011,4.960885,54.14365,202,190
295.386,0,0,6.40601,3.984885,-15.85635,202,190
295.678,0,0,3.47801,3.008885,-15.85635,202,190
295.984,0,0,5.43001,4.960885,-15.85635,202,190
296.275,0,0,3.96601,3.496885,-15.85635,202,190
296.573,0,0,5.43001,1.056885,-15.85635,202,190
296.868,0,0,5.43001,2.520885,-15.85635,202,190
297.173,0,0,5.43001,1.056885,-15.85635,202,190
297.461,0,0,6.894011,1.056885,-15.85635,202,190
297.782,0,0,3.96601,0.5688848,-15.85635,150,132
298.102,0,0,6.894011,3.008885,-15.85635,150,132
298.423,0,0,5.43001,1.056885,-15.85635,144,132
298.752,0,0,5.918011,3.008885,-15.85635,150,132
299.081,0,0,3.96601,4.472885,-85.85635,150,132
299.334,0,0,4.45401,2.032885,54.14365,154,132
299.654,0,0,5.43001,1.544885,-15.85635,144,132
299.962,0,0,6.894011,1.544885,-15.85635,148,132
300.27,0,0,7.87001,3.008885,-15.85635,146,132
300.585,0,0,5.43001,4.472885,-85.85635,146,132
300.84,0,0,6.40601,3.496885,-15.85635,146,132
301.132,0,0,6.40601,3.496885,-15.85635,144,132
301.446,0,0,4.942011,1.056885,-85.85635,146,132
301.739,0,0,6.40601,1.056885,-15.85635,146,132
302.042,0.3101645,0.2637259,5.43001,67.42489,1244.144,144,130
302.343,0.286488,0.6687661,-31.65799,131.8409,17274.14,140,128
302.648,0.3439121,0.5026381,129.87,78.16089,59974.14,144,138
302.939,1.03347,0.4278394,35.68601,-38.95912,3974.144,144,138
303.247,0.9456175,-0.05515358,16.65401,-4.311115,-61405.86,144,138
303.536,0,0,-12.13799,-65.31111,-11145.86,144,138
303.838,0,0,2.99001,9.840885,-85.85635,144,138
304.125,0.2679299,0.1537071,6.40601,5.936885,-15.85635,144,138
304.428,0.262397,0.1437837,7.38201,8.864885,-1345.856,144,138
304.723,0,0,-14.08999,11.30488,-85.85635,144,138
305.025,0.6291056,-0.03086385,20.55801,83.52888,-18985.86,144,138
305.318,0,0,7.87001,17.16088,-52025.86,144,138
305.622,0.2884474,0.7490429,2.99001,95.24088,5164.144,144,138
305.909,0,0,6.894011,7.888885,-225.8564,144,138
306.209,0,0,4.45401,5.448885,-15.85635,144,138
306.534,0,0,4.942011,7.888885,-15.85635,176,120
306.825,0,0,3.96601,7.400886,-15.85635,180,120
307.133,0,0,21.53401,110.8569,-7015.856,184,142
307.425,0.2199827,0.6175086,-5.79399,9.840885,264.1436,184,142
307.735,0,0,-5.79399,-48.23112,-15.85635,184,142
308.026,0,0,7.38201,37.65688,-1695.856,184,142
308.334,0,0,0.5500097,8.376885,54.14365,184,142
308.627,0,0,-0.4259901,24.48088,-8765.856,184,142
308.936,0.3592885,0.6481196,-9.69799,9.352885,54.14365,184,142
309.226,0,0,53.74201,149.8969,894.1437,184,142
309.527,0,0,8.358009,16.67289,194.1436,184,142
309.817,0,0,5.43001,9.352885,-15.85635,184,142
310.123,0.5375051,1.490731,44.47001,270.9209,-10515.86,184,142
310.413,0,0,-14.57799,10.32889,-2675.856,184,142
310.717,0,0,9.334011,3.984885,2574.144,184,142
311.007,0,0,2.50201,6.424885,124.1436,184,142
311.309,0,0,5.43001,10.32889,-85.85635,184,142
311.608,0,0,3.47801,10.81689,-15.85635,184,142
311.896,0,0,4.942011,9.840885,-15.85635,184,142
312.196,0,0,5.43001,11.30488,54.14365,184,142
312.48,0,0,6.40601,9.840885,-15.85635,184,142
312.778,0,0,5.43001,9.840885,-15.85635,184,142
313.067,0,0,5.918011,9.352885,-15.85635,184,142
313.367,0,0,4.45401,10.32889,-15.85635,184,142
313.651,0,0,2.99001,11.30488,-15.85635,184,142
313.951,0,0,4.942011,10.32889,-85.85635,184,142
314.24,0,0,3.96601,8.864885,-15.85635,184,142
314.542,0,0,2.99001,9.352885,-15.85635,184,142
314.83,0,0,4.942011,9.352885,-15.85635,184,142
315.131,0,0,5.43001,9.840885,54.14365,184,142
315.42,0,0,3.96601,8.864885,-15.85635,184,142
315.726,0,0,5.918011,11.30488,-15.85635,184,142
316.032,0.3358914,1.218752,43.98201,160.6329,-7925.856,50,34
316.357,0.6575737,1.464455,50.32601,9.352885,-10025.86,92,34
316.671,0.6851063,1.475532,43.98201,139.1609,48914.14,50,0
316.966,0,0,18.11801,-148.7591,33234.14,50,0
317.27,0,0,5.43001,3.496885,-15.85635,50,0
317.56,1.028024,0.9775202,13.23801,102.5609,7334.144,50,0
317.866,0.9318008,0.7707562,11.28601,94.26488,13004.14,50,0
318.158,1.058366,-0.04511291,28.85401,-75.55912,-3445.856,50,0
318.466,0,0,50.32601,2.520885,-95705.86,50,0
318.762,0.4529593,1.548901,19.58201,15.20889,-365.8564,50,0
319.036,0,0,27.39001,-274.1751,26444.14,100,10
319.299,0,0,2.50201,2.520885,194.1436,78,12
319.575,0.9448858,1.148894,28.85401,124.5209,29104.14,236,0
319.831,0.7971318,0.7380809,20.55801,-78.48711,6284.144,34,0
320.1,0,0,48.37401,-265.8791,4394.144,54,28
320.388,0,0,-7.74599,-1.383115,194.1436,214,170
320.698,0.3334874,1.433326,-35.56199,233.3449,75024.14,214,170
321.007,0.4602022,1.540182,6.40601,204.0649,95464.14,36,0
321.329,0,0,35.68601,-114.1111,58014.14,176,154
321.652,-0.05796066,0.9915905,15.67801,-42.37512,6074.144,194,172
321.966,0.7342064,0.6367507,13.72601,-4.799115,-85.85635,208,148
322.231,0,0,-47.76199,-187.7991,-17445.86,210,144
322.57,0,0,7.87001,-2.359115,-85.85635,144,0
322.827,0.4979503,1.50882,29.34201,-8.703115,-5055.856,140,0
323.095,0,0,9.82201,1.544885,-365.8564,120,46
323.355,0.384249,1.53708,20.55801,106.4649,31624.14,68,16
323.632,0,0,-9.20999,-325.4151,52134.14,152,0
323.895,0.577493,0.5034382,27.39001,-13.09512,-4635.856,160,0
324.159,0,0,7.38201,-31.63911,-9815.856,170,0
324.459,0.4344453,0.2946712,5.918011,42.04889,-995.8563,26,0
324.75,0.4986785,0.3212951,-3.35399,40.58488,-10585.86,26,0
325.006,0.4469489,0.312905,-19.45799,19.11288,-20245.86,200,204
325.336,0.4048237,1.228245,3.96601,-88.73512,-3165.856,198,174
325.605,0.3580892,0.9709465,13.23801,20.08889,-12755.86,176,158
325.876,0.3777244,0.9831447,28.36601,-0.407115,-11355.86,190,140
326.135,0.4814847,0.9944014,-2.86599,10.81689,-16045.86,186,118
326.399,0.7541383,1.027514,91.80602,34.24088,-6245.856,174,86
326.69,0.3472767,1.256448,-23.36199,20.57689,43664.14,150,112
326.997,0,0,53.25401,-133.6311,19724.14,150,112
327.331,0,0,11.28601,0.08088493,54.14365,120,98
327.594,0.7047361,1.135345,4.45401,69.86488,45624.14,112,102
327.865,0.4605176,1.100444,-39.95399,128.4249,72224.14,140,90
328.163,1.274202,0.2796501,45.44601,-130.2151,-64135.86,126,104
328.467,0,0,-62.40199,-65.31111,-44745.86,126,104
328.754,1.236665,0.4523976,14.70201,8.376885,404.1436,126,104
329.057,0,0,15.19001,31.31289,-575.8563,126,104
329.346,0,0,232.35,5.448885,30644.14,126,104
329.649,0.9703756,0.7459996,2.99001,3.008885,54.14365,126,104
329.943,1.349048,-0.2509524,45.93401,49.85688,-58885.86,126,104
330.246,0,0,-7.74599,-155.5911,-49085.86,126,104
330.556,0,0,10.31001,-0.407115,54.14365,204,172
330.817,0,0,4.942011,-0.407115,-15.85635,204,164
331.075,0,0,4.942011,3.008885,-15.85635,204,158
331.342,0,0,5.43001,4.960885,-15.85635,204,160
331.684,0,0,4.942011,2.032885,-15.85635,204,172
331.941,0,0,1.526011,4.472885,-15.85635,204,172
332.204,0,0,5.918011,5.448885,-15.85635,204,162
332.462,0,0,2.99001,2.520885,-15.85635,204,164
332.73,0,0,2.99001,3.984885,-15.85635,204,162
333.052,0,0,3.96601,1.544885,-15.85635,206,174
333.387,0.407222,0.3272743,39.10201,18.62489,3134.144,204,162
333.659,0.407222,0.3272743,4.45401,26.92088,-2395.856,204,162
334.008,0.4003045,0.3186164,12.26201,-9.679115,-7365.856,174,152
334.264,0.3850179,0.3165813,-3.84199,-39.44712,-7085.856,196,126
334.54,0.3034771,0.4019693,23.48601,-17.97511,-10725.86,178,152
334.794,0.2746205,0.4463511,12.26201,3.496885,-5615.856,136,0
335.065,0.03888565,0.7385746,23.48601,28.87288,-295.8564,122,34
335.417,0.07536796,0.8700474,2.01401,73.28088,-645.8563,122,34
335.669,0.04696134,0.9713787,5.43001,-72.63112,964.1437,116,32
335.937,0.1526276,1.122938,18.60601,-138.9991,2854.144,122,32
336.272,0.1526276,1.122938,-19.94599,165.0249,-1695.856,122,34
336.544,0.5260624,1.494882,-14.08999,-121.9191,754.1437,122,34
336.799,0.5260624,1.494882,20.55801,267.5049,-9535.856,76,44
337.091,0.4313092,1.585369,74.23801,152.8249,3834.144,82,28
337.396,0.4114635,1.691814,-80.94598,-16.51112,18464.14,82,28
337.689,0.4208476,1.779624,42.03001,-103.8631,7124.144,82,28
337.994,0.4024711,1.921243,118.646,-31.15112,1104.144,82,28
338.285,0.399453,1.914605,50.32601,-88.73512,3134.144,82,28
338.586,0.399453,1.914605,-11.16199,12.76889,-8275.856,82,28
338.875,0.3906906,1.8948,-13.60199,-60.91912,-4425.856,82,28
339.181,0.390112,1.880148,62.03801,209.4329,35684.14,82,28
339.471,0.3726698,1.835281,19.58201,-6.263115,68514.14,82,28
339.776,0.3726698,1.835281,-12.62599,33.75288,102604.1,82,28
340.066,0,0,-67.76999,-52.62312,88464.14,82,28
340.364,0,0,7.38201,2.032885,-225.8564,82,28
340.651,0,0,-1.88999,-1.383115,-15.85635,82,28
340.951,0,0,1.526011,1.056885,-15.85635,82,28
341.239,0,0,0.06200981,-0.407115,-15.85635,82,28
341.546,0,0,1.526011,-2.359115,-15.85635,82,28
341.832,0,0,2.99001,0.5688848,-15.85635,82,28
342.137,0,0,1.03801,-0.407115,-15.85635,82,28
342.423,0,0,1.03801,-2.847115,-15.85635,82,28
342.711,0,0,2.01401,-1.871115,-85.85635,82,28
343.013,0,0,3.47801,-0.407115,-15.85635,82,28
343.305,0,0,0.5500097,-1.871115,-85.85635,82,28
343.604,0,0,0.5500097,1.056885,-15.85635,82,28
343.897,0,0,1.03801,-0.407115,-15.85635,82,28
344.195,0,0,2.99001,-1.871115,-85.85635,82,28
344.484,0,0,2.01401,-2.359115,-15.85635,82,28
344.786,0,0,0.06200981,-1.383115,-15.85635,82,28
345.071,0,0,4.45401,-1.871115,-15.85635,82,28
345.371,0,0,1.03801,0.08088493,-15.85635,82,28
345.656,0,0,-0.4259901,-0.8951149,-15.85635,82,28
345.958,0,0,0.5500097,-1.383115,-15.85635,82,28
346.243,0,0,1.03801,-1.871115,-15.85635,82,28
346.543,0,0,0.06200981,-1.871115,-225.8564,82,28
346.829,0,0,0.06200981,15.20889,-225.8564,82,28
347.135,0,0,4.942011,0.5688848,-15.85635,82,28
347.421,0,0,1.526011,-2.359115,-155.8564,82,28
347.721,0,0,3.96601,0.08088493,-15.85635,82,28
348.01,0,0,-0.4259901,1.544885,-15.85635,82,28
348.31,0,0,2.99001,-1.383115,124.1436,82,28
